<?xml version='1.0'?>
<!--Warning : Don't edit this file -->
<project>

<instance class="PJM">
<rowset name="PjmDefn" size="2832" count="1">
<row>
<szLastUpdDttm>2016-08-17-20.13.10.975248</szLastUpdDttm>
<szLastUpdOprId>PS</szLastUpdOprId>
<szProjectName>IO_STYLES_855</szProjectName>
<szProjectDescr>psadmin.io Styles for 8.54+</szProjectDescr>
<rowset name="char" size="262" count="1">
<row></row></rowset>
<lpPit>
<rowset name="PjmPit" size="9416" count="11">
<row>
<eObjectType>49</eObjectType>
<szObjectValue_0>IO_LOGO</szObjectValue_0>
<szObjectValue_1>1</szObjectValue_1>
<szObjectValue_2></szObjectValue_2>
<szObjectValue_3></szObjectValue_3>
<bExecute>0</bExecute>
<eUpgradeAction>0</eUpgradeAction>
<bTakeAction>1</bTakeAction></row>
<row>
<eObjectType>50</eObjectType>
<szObjectValue_0>IO_HDR_BLUE</szObjectValue_0>
<szObjectValue_1></szObjectValue_1>
<szObjectValue_2></szObjectValue_2>
<szObjectValue_3></szObjectValue_3>
<bExecute>0</bExecute>
<eUpgradeAction>0</eUpgradeAction>
<bTakeAction>1</bTakeAction></row>
<row>
<eObjectType>50</eObjectType>
<szObjectValue_0>IO_HDR_GREEN</szObjectValue_0>
<szObjectValue_1></szObjectValue_1>
<szObjectValue_2></szObjectValue_2>
<szObjectValue_3></szObjectValue_3>
<bExecute>0</bExecute>
<eUpgradeAction>0</eUpgradeAction>
<bTakeAction>1</bTakeAction></row>
<row>
<eObjectType>50</eObjectType>
<szObjectValue_0>IO_HDR_GREY</szObjectValue_0>
<szObjectValue_1></szObjectValue_1>
<szObjectValue_2></szObjectValue_2>
<szObjectValue_3></szObjectValue_3>
<bExecute>0</bExecute>
<eUpgradeAction>0</eUpgradeAction>
<bTakeAction>1</bTakeAction></row>
<row>
<eObjectType>50</eObjectType>
<szObjectValue_0>IO_HDR_PURPLE</szObjectValue_0>
<szObjectValue_1></szObjectValue_1>
<szObjectValue_2></szObjectValue_2>
<szObjectValue_3></szObjectValue_3>
<bExecute>0</bExecute>
<eUpgradeAction>0</eUpgradeAction>
<bTakeAction>1</bTakeAction></row>
<row>
<eObjectType>50</eObjectType>
<szObjectValue_0>IO_HDR_RED</szObjectValue_0>
<szObjectValue_1></szObjectValue_1>
<szObjectValue_2></szObjectValue_2>
<szObjectValue_3></szObjectValue_3>
<bExecute>0</bExecute>
<eUpgradeAction>0</eUpgradeAction>
<bTakeAction>1</bTakeAction></row>
<row>
<eObjectType>50</eObjectType>
<szObjectValue_0>IO_HDR_YELLOW</szObjectValue_0>
<szObjectValue_1></szObjectValue_1>
<szObjectValue_2></szObjectValue_2>
<szObjectValue_3></szObjectValue_3>
<bExecute>0</bExecute>
<eUpgradeAction>0</eUpgradeAction>
<bTakeAction>1</bTakeAction></row>
<row>
<eObjectType>50</eObjectType>
<szObjectValue_0>IO_LOGO</szObjectValue_0>
<szObjectValue_1></szObjectValue_1>
<szObjectValue_2></szObjectValue_2>
<szObjectValue_3></szObjectValue_3>
<bExecute>0</bExecute>
<eUpgradeAction>0</eUpgradeAction>
<bTakeAction>1</bTakeAction></row>
<row>
<eObjectType>68</eObjectType>
<szObjectValue_0>PTBR_IO_THEME_DAT</szObjectValue_0>
<szObjectValue_1>DATA</szObjectValue_1>
<szObjectValue_2></szObjectValue_2>
<szObjectValue_3></szObjectValue_3>
<bExecute>0</bExecute>
<eUpgradeAction>0</eUpgradeAction>
<bTakeAction>1</bTakeAction></row>
<row>
<eObjectType>68</eObjectType>
<szObjectValue_0>PTBR_THEME_IO_IMP_DMS</szObjectValue_0>
<szObjectValue_1>SCRIPTS</szObjectValue_1>
<szObjectValue_2></szObjectValue_2>
<szObjectValue_3></szObjectValue_3>
<bExecute>1</bExecute>
<eUpgradeAction>0</eUpgradeAction>
<bTakeAction>1</bTakeAction></row>
<row>
<eObjectType>68</eObjectType>
<szObjectValue_0>UPDATESYSTEMBRANDING_SQL</szObjectValue_0>
<szObjectValue_1>SCRIPTS</szObjectValue_1>
<szObjectValue_2></szObjectValue_2>
<szObjectValue_3></szObjectValue_3>
<bExecute>1</bExecute>
<eUpgradeAction>0</eUpgradeAction>
<bTakeAction>1</bTakeAction></row></rowset></lpPit>
<nIncCount>1</nIncCount>
<lpInc> POINTER
<rowset name="PjmInc" size="38" count="1">
<row>
<szIncidentID>IO_STYLES_855</szIncidentID>
</row>
</rowset>
</lpInc>
</row></rowset></instance>
<instance class="FRM">
<rowset name="Fileredefn" size="1024" count="1">
<row>
<szFilerefname>PTBR_IO_THEME_DAT</szFilerefname>
<szFilereftypecode>DATA</szFilereftypecode>
<szFilerefpathandfile>%FILEREFPATH%\ptbr_io_theme.dat</szFilerefpathandfile>
<nFilerefbinary>0</nFilerefbinary>
<nDbplatform>0</nDbplatform>
<nOsplatform>0</nOsplatform>
<nPsserver>10</nPsserver>
<nDir_security>38</nDir_security>
<szCatemplatetext>DUMMY</szCatemplatetext></row></rowset></instance>
<instance class="TYC">
<rowset name="Typecodedefn" size="656" count="1">
<row>
<szFilereftypecode>DATA</szFilereftypecode>
<szFilerefpath>%ps_home%\data</szFilerefpath></row></rowset></instance>
<instance class="FRM">
<rowset name="Fileredefn" size="1024" count="1">
<row>
<szFilerefname>PTBR_THEME_IO_IMP_DMS</szFilerefname>
<szFilereftypecode>SCRIPTS</szFilereftypecode>
<szFilerefpathandfile>%FILEREFPATH%\ptbr_theme_io_imp.dms</szFilerefpathandfile>
<nFilerefbinary>0</nFilerefbinary>
<nDbplatform>0</nDbplatform>
<nOsplatform>0</nOsplatform>
<nPsserver>10</nPsserver>
<nDir_security>38</nDir_security>
<szCatemplatetext>DUMMY</szCatemplatetext></row></rowset></instance>
<instance class="TYC">
<rowset name="Typecodedefn" size="656" count="1">
<row>
<szFilereftypecode>SCRIPTS</szFilereftypecode>
<szFilerefpath>%ps_home%\scripts</szFilerefpath></row></rowset></instance>
<instance class="FRM">
<rowset name="Fileredefn" size="1024" count="1">
<row>
<szFilerefname>UPDATESYSTEMBRANDING_SQL</szFilerefname>
<szFilereftypecode>SCRIPTS</szFilereftypecode>
<szFilerefpathandfile>%FILEREFPATH%\updateSystemBranding.sql</szFilerefpathandfile>
<nFilerefbinary>0</nFilerefbinary>
<nDbplatform>0</nDbplatform>
<nOsplatform>0</nOsplatform>
<nPsserver>10</nPsserver>
<nDir_security>38</nDir_security>
<szCatemplatetext>DUMMY</szCatemplatetext></row></rowset></instance>
</project>