<?xml version="1.0" encoding="UTF-8"?>
<java class="java.beans.XMLDecoder" version="1.7.0_80">
    <object class="com.peoplesoft.pt.changeassistant.Template">
        <string>IO_STYLES_855</string>
        <void property="update">
            <boolean>true</boolean>
        </void>
        <void method="addChapter">
            <object class="com.peoplesoft.pt.changeassistant.Chapter">
                <string>Plan Your Update</string>
            </object>
        </void>
        <void method="addChapter">
            <object class="com.peoplesoft.pt.changeassistant.Chapter">
                <string>Apply Metadata Changes</string>
                <void method="addTask">
                    <object class="com.peoplesoft.pt.changeassistant.Task">
                        <string>Apply Project</string>
                        <void method="addStep">
                            <object class="com.peoplesoft.pt.changeassistant.step.steps.CopyFromFile">
                                <string>CopyUpdateProject</string>
                                <string>Copy Update Project</string>
                                <void property="DBLocation">
                                    <string>T</string>
                                </void>
                                <void property="autoGenerated">
                                    <boolean>true</boolean>
                                </void>
                                <void property="concurrentExecution">
                                    <string>N</string>
                                </void>
                                <void property="copyLanguages">
                                    <string>ENG,COMMON</string>
                                </void>
                                <void property="errors">
                                    <string>N</string>
                                </void>
                                <void property="importDirectory">
                                    <string>#STAGINGDIRECTORY</string>
                                </void>
                                <void property="industry">
                                    <string>All</string>
                                </void>
                                <void property="language">
                                    <string>All</string>
                                </void>
                                <void property="languageType">
                                    <string>B</string>
                                </void>
                                <void property="location">
                                    <string>L</string>
                                </void>
                                <void property="parameters">
                                    <string>#PROJECT=IO_STYLES_855</string>
                                </void>
                                <void property="platform">
                                    <string>All</string>
                                </void>
                                <void property="products">
                                    <string>All</string>
                                </void>
                                <void property="runLocation">
                                    <string>Local</string>
                                </void>
                                <void property="scriptProcedure">
                                    <string>IO_STYLES_855</string>
                                </void>
                                <void property="upgradeType">
                                    <string>B</string>
                                </void>
                            </object>
                        </void>
                    </object>
                </void>
            </object>
        </void>
        <void method="addChapter">
            <object class="com.peoplesoft.pt.changeassistant.Chapter">
                <string>Deploy Files</string>
                <void method="addTask">
                    <object class="com.peoplesoft.pt.changeassistant.Task">
                        <string>File Type Code: DATA</string>
                        <void method="addStep">
                            <object class="com.peoplesoft.pt.changeassistant.step.steps.DeployFile">
                                <string>PTBR_IO_THEME_DAT</string>
                                <string>PTBR_IO_THEME_DAT</string>
                                <void property="DBLocation">
                                    <string>T</string>
                                </void>
                                <void property="autoGenerated">
                                    <boolean>true</boolean>
                                </void>
                                <void property="concurrentExecution">
                                    <string>N</string>
                                </void>
                                <void property="errors">
                                    <string>N</string>
                                </void>
                                <void property="fileReferenceID">
                                    <string>PTBR_IO_THEME_DAT</string>
                                </void>
                                <void property="industry">
                                    <string>All</string>
                                </void>
                                <void property="language">
                                    <string>All</string>
                                </void>
                                <void property="languageType">
                                    <string>B</string>
                                </void>
                                <void property="location">
                                    <string>L</string>
                                </void>
                                <void property="platform">
                                    <string>All</string>
                                </void>
                                <void property="products">
                                    <string>All</string>
                                </void>
                                <void property="runLocation">
                                    <string>Local</string>
                                </void>
                                <void property="scriptProcedure">
                                    <string>ptbr_io_theme.dat</string>
                                </void>
                                <void property="typeCode">
                                    <string>DATA</string>
                                </void>
                                <void property="upgradeType">
                                    <string>B</string>
                                </void>
                            </object>
                        </void>
                    </object>
                </void>
                <void method="addTask">
                    <object class="com.peoplesoft.pt.changeassistant.Task">
                        <string>File Type Code: SCRIPTS</string>
                        <void method="addStep">
                            <object class="com.peoplesoft.pt.changeassistant.step.steps.DeployFile">
                                <string>PTBR_THEME_IO_IMP_DMS</string>
                                <string>PTBR_THEME_IO_IMP_DMS</string>
                                <void property="DBLocation">
                                    <string>T</string>
                                </void>
                                <void property="autoGenerated">
                                    <boolean>true</boolean>
                                </void>
                                <void property="concurrentExecution">
                                    <string>N</string>
                                </void>
                                <void property="errors">
                                    <string>N</string>
                                </void>
                                <void property="fileReferenceID">
                                    <string>PTBR_THEME_IO_IMP_DMS</string>
                                </void>
                                <void property="industry">
                                    <string>All</string>
                                </void>
                                <void property="language">
                                    <string>All</string>
                                </void>
                                <void property="languageType">
                                    <string>B</string>
                                </void>
                                <void property="location">
                                    <string>L</string>
                                </void>
                                <void property="platform">
                                    <string>All</string>
                                </void>
                                <void property="products">
                                    <string>All</string>
                                </void>
                                <void property="runLocation">
                                    <string>Local</string>
                                </void>
                                <void property="scriptProcedure">
                                    <string>ptbr_theme_io_imp.dms</string>
                                </void>
                                <void property="typeCode">
                                    <string>SCRIPTS</string>
                                </void>
                                <void property="upgradeType">
                                    <string>B</string>
                                </void>
                            </object>
                        </void>
                        <void method="addStep">
                            <object class="com.peoplesoft.pt.changeassistant.step.steps.DeployFile">
                                <string>UPDATESYSTEMBRANDING_SQL</string>
                                <string>UPDATESYSTEMBRANDING_SQL</string>
                                <void property="DBLocation">
                                    <string>T</string>
                                </void>
                                <void property="autoGenerated">
                                    <boolean>true</boolean>
                                </void>
                                <void property="concurrentExecution">
                                    <string>N</string>
                                </void>
                                <void property="errors">
                                    <string>N</string>
                                </void>
                                <void property="fileReferenceID">
                                    <string>UPDATESYSTEMBRANDING_SQL</string>
                                </void>
                                <void property="industry">
                                    <string>All</string>
                                </void>
                                <void property="language">
                                    <string>All</string>
                                </void>
                                <void property="languageType">
                                    <string>B</string>
                                </void>
                                <void property="location">
                                    <string>L</string>
                                </void>
                                <void property="platform">
                                    <string>All</string>
                                </void>
                                <void property="products">
                                    <string>All</string>
                                </void>
                                <void property="runLocation">
                                    <string>Local</string>
                                </void>
                                <void property="scriptProcedure">
                                    <string>updateSystemBranding.sql</string>
                                </void>
                                <void property="typeCode">
                                    <string>SCRIPTS</string>
                                </void>
                                <void property="upgradeType">
                                    <string>B</string>
                                </void>
                            </object>
                        </void>
                    </object>
                </void>
                <void method="addTask">
                    <object class="com.peoplesoft.pt.changeassistant.Task">
                        <string>Copy File(s) For OS390</string>
                        <void method="addStep">
                            <object class="com.peoplesoft.pt.changeassistant.step.steps.ManualStop">
                                <string>Copy File(s) For OS390</string>
                                <string>Copy File(s) For OS390</string>
                                <void property="DBLocation">
                                    <string>T</string>
                                </void>
                                <void property="concurrentExecution">
                                    <string>N</string>
                                </void>
                                <void property="errors">
                                    <string>N</string>
                                </void>
                                <void property="industry">
                                    <string>All</string>
                                </void>
                                <void property="language">
                                    <string>All</string>
                                </void>
                                <void property="languageType">
                                    <string>B</string>
                                </void>
                                <void property="location">
                                    <string>L</string>
                                </void>
                                <void property="platform">
                                    <string>1</string>
                                </void>
                                <void property="products">
                                    <string>All</string>
                                </void>
                                <void property="runLocation">
                                    <string>Local</string>
                                </void>
                                <void property="upgradeType">
                                    <string>B</string>
                                </void>
                            </object>
                        </void>
                    </object>
                </void>
            </object>
        </void>
        <void method="addChapter">
            <object class="com.peoplesoft.pt.changeassistant.Chapter">
                <string>Execute File References</string>
                <void method="addTask">
                    <object class="com.peoplesoft.pt.changeassistant.Task">
                        <string>Execute DMS</string>
                        <void method="addStep">
                            <object class="com.peoplesoft.pt.changeassistant.step.steps.DataMoverUser">
                                <string>PTBR_THEME_IO_IMP_DMS</string>
                                <string>PTBR_THEME_IO_IMP_DMS</string>
                                <void property="DBLocation">
                                    <string>T</string>
                                </void>
                                <void property="autoGenerated">
                                    <boolean>true</boolean>
                                </void>
                                <void property="concurrentExecution">
                                    <string>N</string>
                                </void>
                                <void property="errors">
                                    <string>N</string>
                                </void>
                                <void property="fileReferenceID">
                                    <string>PTBR_THEME_IO_IMP_DMS</string>
                                </void>
                                <void property="industry">
                                    <string>All</string>
                                </void>
                                <void property="language">
                                    <string>All</string>
                                </void>
                                <void property="languageType">
                                    <string>B</string>
                                </void>
                                <void property="location">
                                    <string>L</string>
                                </void>
                                <void property="parameters">
                                    <string>#DIRECTORY=#STAGINGDIRECTORY/scripts/SCRIPTS/</string>
                                </void>
                                <void property="platform">
                                    <string>All</string>
                                </void>
                                <void property="products">
                                    <string>All</string>
                                </void>
                                <void property="runLocation">
                                    <string>Local</string>
                                </void>
                                <void property="scriptProcedure">
                                    <string>ptbr_theme_io_imp</string>
                                </void>
                                <void property="typeCode">
                                    <string>SCRIPTS</string>
                                </void>
                                <void property="upgradeType">
                                    <string>B</string>
                                </void>
                            </object>
                        </void>
                    </object>
                </void>
                <void method="addTask">
                    <object class="com.peoplesoft.pt.changeassistant.Task">
                        <string>Execute SQL</string>
                        <void method="addStep">
                            <object class="com.peoplesoft.pt.changeassistant.step.steps.SQLScript">
                                <string>UPDATESYSTEMBRANDING_SQL</string>
                                <string>UPDATESYSTEMBRANDING_SQL</string>
                                <void property="DBLocation">
                                    <string>T</string>
                                </void>
                                <void property="autoGenerated">
                                    <boolean>true</boolean>
                                </void>
                                <void property="concurrentExecution">
                                    <string>N</string>
                                </void>
                                <void property="errors">
                                    <string>N</string>
                                </void>
                                <void property="fileReferenceID">
                                    <string>UPDATESYSTEMBRANDING_SQL</string>
                                </void>
                                <void property="industry">
                                    <string>All</string>
                                </void>
                                <void property="language">
                                    <string>All</string>
                                </void>
                                <void property="languageType">
                                    <string>B</string>
                                </void>
                                <void property="location">
                                    <string>L</string>
                                </void>
                                <void property="parameters">
                                    <string>#DIRECTORY=#STAGINGDIRECTORY/scripts/SCRIPTS/</string>
                                </void>
                                <void property="platform">
                                    <string>All</string>
                                </void>
                                <void property="products">
                                    <string>All</string>
                                </void>
                                <void property="runLocation">
                                    <string>Local</string>
                                </void>
                                <void property="scriptProcedure">
                                    <string>updateSystemBranding</string>
                                </void>
                                <void property="typeCode">
                                    <string>SCRIPTS</string>
                                </void>
                                <void property="upgradeType">
                                    <string>B</string>
                                </void>
                            </object>
                        </void>
                    </object>
                </void>
            </object>
        </void>
    </object>
</java>
